,Datetime
1274,2020-01-24 14:30:00
1679,2020-01-31 14:30:00
1760,2020-02-03 14:30:00
2084,2020-02-07 14:30:00
2813,2020-02-21 14:30:00
2894,2020-02-24 14:30:00
2975,2020-02-25 14:30:00
3056,2020-02-26 14:30:00
3542,2020-03-05 14:30:00
3623,2020-03-06 14:30:00
3704,2020-03-09 14:30:00
4271,2020-03-18 14:30:00
5243,2020-04-03 14:30:00
6053,2020-04-20 14:30:00
6782,2020-05-01 14:30:00
7025,2020-05-06 14:30:00
7349,2020-05-12 14:30:00
7430,2020-05-13 14:30:00
7835,2020-05-20 14:30:00
9050,2020-06-11 14:30:00
9131,2020-06-12 14:30:00
9536,2020-06-19 14:30:00
9779,2020-06-24 14:30:00
9941,2020-06-26 14:30:00
10508,2020-07-08 14:30:00
10751,2020-07-13 14:30:00
11399,2020-07-23 14:30:00
11885,2020-07-31 14:30:00
12290,2020-08-07 14:30:00
12938,2020-08-19 14:30:00
13829,2020-09-03 14:30:00
14153,2020-09-10 14:30:00
14234,2020-09-11 14:30:00
14639,2020-09-18 14:30:00
14720,2020-09-21 14:30:00
14882,2020-09-23 14:30:00
16097,2020-10-14 14:30:00
16340,2020-10-19 14:30:00
16745,2020-10-26 14:30:00
16907,2020-10-28 14:30:00
17069,2020-10-30 14:30:00
17150,2020-11-02 14:30:00
17798,2020-11-12 14:30:00
18122,2020-11-18 14:30:00
18830,2021-01-04 14:30:00
21425,2021-01-11 14:30:00
21426,2021-01-11 14:30:00
26330,2021-01-27 14:30:00
27106,2021-01-29 14:30:00
30472,2021-02-11 14:30:00
30859,2021-02-12 14:30:00
32287,2021-02-19 14:30:00
35333,2021-03-03 14:30:00
35719,2021-03-04 14:30:00
38800,2021-03-16 14:30:00
